timestamp,dispositivo_id,localizacao,co2,co,no2,so2,pm25,pm10,temperatura,umidade,ruido,uv
2025-11-27 21:11:07,SENSOR-MOSSORO,UFERSA - Mossoro, RN,475,73,10,41,153,84,90,83,128,05,205,60,32,09,84,52,57,78,9,20
2025-11-27 21:11:07,SENSOR-PAUDOSFERROS,UFERSA - Pau dos Ferros, RN,747,66,48,07,167,54,4,33,140,83,214,39,24,64,53,97,88,70,7,32
2025-11-27 21:11:07,SENSOR-ANGICOS,UFERSA - Angicos, RN,1458,50,4,67,124,32,22,96,116,23,92,49,37,04,66,17,47,16,8,41
2025-11-27 21:11:07,SENSOR-CARAUBAS,UFERSA - Caraubas, RN,1970,13,47,87,6,00,20,95,67,82,5,63,20,22,73,01,72,72,0,44
2025-11-27 21:11:09,SENSOR-PAUDOSFERROS,UFERSA - Pau dos Ferros, RN,507,47,31,38,78,57,87,97,80,67,76,38,36,15,32,97,85,12,1,40
2025-11-27 21:11:09,SENSOR-ANGICOS,UFERSA - Angicos, RN,425,32,28,29,80,67,68,38,48,01,19,35,12,67,56,10,97,57,3,63
2025-11-27 21:11:10,SENSOR-MOSSORO,UFERSA - Mossoro, RN,833,82,36,83,35,85,58,29,81,56,60,08,39,20,44,31,74,50,7,07
2025-11-27 21:11:10,SENSOR-CARAUBAS,UFERSA - Caraubas, RN,1748,47,32,21,194,29,82,50,149,16,229,59,35,06,53,77,44,78,10,48
2025-11-27 21:11:11,SENSOR-PAUDOSFERROS,UFERSA - Pau dos Ferros, RN,1955,98,26,89,90,55,45,93,82,54,207,46,39,31,31,57,69,85,4,73
2025-11-27 21:11:12,SENSOR-ANGICOS,UFERSA - Angicos, RN,1371,22,34,87,19,51,57,82,49,11,120,32,10,98,84,67,72,96,6,15
2025-11-27 21:11:13,SENSOR-MOSSORO,UFERSA - Mossoro, RN,1359,12,22,96,145,19,67,90,142,22,136,84,33,34,53,27,97,73,0,22
2025-11-27 21:11:13,SENSOR-CARAUBAS,UFERSA - Caraubas, RN,1845,07,14,06,168,50,34,99,71,80,108,69,26,33,43,84,43,43,5,78
2025-11-27 21:11:14,SENSOR-PAUDOSFERROS,UFERSA - Pau dos Ferros, RN,1938,83,9,16,182,92,93,13,24,35,142,17,16,23,46,19,41,78,1,61
2025-11-27 21:11:14,SENSOR-ANGICOS,UFERSA - Angicos, RN,1300,54,21,33,77,87,97,62,126,26,25,54,12,03,32,57,93,82,3,44
2025-11-27 21:11:15,SENSOR-MOSSORO,UFERSA - Mossoro, RN,968,10,21,71,73,74,7,32,5,84,76,55,38,74,72,62,70,20,1,53
2025-11-27 21:11:16,SENSOR-CARAUBAS,UFERSA - Caraubas, RN,649,06,42,37,79,31,98,63,16,37,37,55,10,45,61,17,49,73,3,58
2025-11-27 21:11:16,SENSOR-PAUDOSFERROS,UFERSA - Pau dos Ferros, RN,1790,82,33,46,123,60,71,20,127,84,146,06,23,32,32,27,43,99,4,81
2025-11-27 21:11:16,SENSOR-ANGICOS,UFERSA - Angicos, RN,1938,43,27,99,126,23,33,60,6,82,215,69,32,03,43,97,99,87,0,46
2025-11-27 21:11:18,SENSOR-MOSSORO,UFERSA - Mossoro, RN,1651,25,12,11,9,88,86,56,111,67,61,90,21,99,76,98,82,07,0,00
2025-11-27 21:11:19,SENSOR-PAUDOSFERROS,UFERSA - Pau dos Ferros, RN,1687,95,15,66,29,90,18,52,149,09,111,60,35,60,35,01,76,17,1,80
2025-11-27 21:11:19,SENSOR-CARAUBAS,UFERSA - Caraubas, RN,1814,22,26,28,180,41,8,82,4,58,202,86,19,48,64,76,96,73,1,60
2025-11-27 21:11:19,SENSOR-ANGICOS,UFERSA - Angicos, RN,1399,18,14,11,45,22,92,53,116,77,67,90,14,13,84,72,67,98,4,85
2025-11-27 21:11:21,SENSOR-PAUDOSFERROS,UFERSA - Pau dos Ferros, RN,1726,06,45,67,183,45,71,60,105,87,27,56,38,39,30,42,45,73,6,29
2025-11-27 21:11:21,SENSOR-ANGICOS,UFERSA - Angicos, RN,1858,84,27,55,89,52,82,04,12,54,110,69,13,27,62,18,93,81,7,73
2025-11-27 21:11:21,SENSOR-MOSSORO,UFERSA - Mossoro, RN,611,69,30,33,142,12,19,18,101,69,195,71,39,40,32,43,58,52,1,44
2025-11-27 21:11:22,SENSOR-CARAUBAS,UFERSA - Caraubas, RN,720,65,2,01,177,29,32,09,88,96,152,82,35,04,63,24,55,50,6,07
2025-11-27 21:11:23,SENSOR-PAUDOSFERROS,UFERSA - Pau dos Ferros, RN,798,40,29,04,89,37,75,78,106,52,210,40,30,11,60,20,80,78,2,49
2025-11-27 21:11:23,SENSOR-ANGICOS,UFERSA - Angicos, RN,1373,18,33,29,9,28,33,10,22,73,124,25,31,93,52,93,68,23,1,61
2025-11-27 21:11:24,SENSOR-MOSSORO,UFERSA - Mossoro, RN,802,53,8,95,138,51,17,35,121,57,129,31,29,04,72,02,86,03,6,06
2025-11-27 21:11:25,SENSOR-CARAUBAS,UFERSA - Caraubas, RN,471,02,35,16,66,35,46,67,146,08,41,67,38,05,69,73,54,38,5,29
2025-11-27 21:11:26,SENSOR-PAUDOSFERROS,UFERSA - Pau dos Ferros, RN,410,16,16,83,79,17,50,79,124,42,10,65,18,77,42,04,84,08,3,04
2025-11-27 21:11:26,SENSOR-ANGICOS,UFERSA - Angicos, RN,527,12,26,48,26,64,62,63,70,92,183,09,34,07,51,39,51,91,6,45
2025-11-27 21:11:27,SENSOR-MOSSORO,UFERSA - Mossoro, RN,1028,45,27,05,159,93,48,39,50,82,11,30,22,20,64,67,53,97,7,73
2025-11-27 21:11:28,SENSOR-CARAUBAS,UFERSA - Caraubas, RN,1434,19,8,30,49,04,1,36,90,06,194,54,20,86,64,87,76,27,1,55
2025-11-27 21:11:28,SENSOR-PAUDOSFERROS,UFERSA - Pau dos Ferros, RN,479,69,13,27,146,43,30,99,68,13,188,53,39,99,76,75,63,77,9,09
2025-11-27 21:11:28,SENSOR-ANGICOS,UFERSA - Angicos, RN,1503,54,15,16,46,61,10,26,105,49,125,14,13,67,58,81,70,89,0,54
2025-11-27 21:11:30,SENSOR-MOSSORO,UFERSA - Mossoro, RN,955,11,38,62,27,46,42,35,20,59,73,30,24,35,71,34,91,75,2,84
2025-11-27 21:11:30,SENSOR-PAUDOSFERROS,UFERSA - Pau dos Ferros, RN,1380,03,40,07,110,52,91,18,117,37,63,74,23,81,43,54,63,93,7,36
2025-11-27 21:11:31,SENSOR-CARAUBAS,UFERSA - Caraubas, RN,1641,11,43,70,181,74,9,27,99,74,233,19,15,09,52,71,71,30,4,64
2025-11-27 21:11:31,SENSOR-ANGICOS,UFERSA - Angicos, RN,1812,04,49,27,138,11,36,81,107,26,235,43,38,53,63,14,98,37,5,71
2025-11-27 21:11:33,SENSOR-MOSSORO,UFERSA - Mossoro, RN,1575,79,23,23,14,18,37,05,58,53,75,07,27,89,59,69,88,20,0,05
2025-11-27 21:11:33,SENSOR-PAUDOSFERROS,UFERSA - Pau dos Ferros, RN,1125,75,21,16,68,40,48,10,66,91,108,44,21,84,34,74,78,99,4,91
2025-11-27 21:11:33,SENSOR-ANGICOS,UFERSA - Angicos, RN,1588,82,19,63,23,09,48,34,94,79,53,34,32,58,43,73,80,48,2,29
2025-11-27 21:11:34,SENSOR-CARAUBAS,UFERSA - Caraubas, RN,1573,27,13,39,133,67,52,50,58,62,12,71,39,56,33,12,63,03,5,37
2025-11-27 21:11:35,SENSOR-PAUDOSFERROS,UFERSA - Pau dos Ferros, RN,1123,31,26,20,168,59,34,82,79,64,247,16,19,85,49,24,50,88,4,63
2025-11-27 21:11:35,SENSOR-ANGICOS,UFERSA - Angicos, RN,1494,62,33,53,197,87,42,82,44,94,229,51,10,93,33,29,91,46,9,45
2025-11-27 21:11:36,SENSOR-MOSSORO,UFERSA - Mossoro, RN,1133,38,33,53,77,39,55,61,147,80,201,56,19,51,67,15,57,49,6,46
2025-11-27 21:11:37,SENSOR-CARAUBAS,UFERSA - Caraubas, RN,853,63,11,84,170,84,10,52,94,71,227,67,36,41,70,37,94,79,8,70
2025-11-27 21:11:37,SENSOR-PAUDOSFERROS,UFERSA - Pau dos Ferros, RN,1696,50,20,06,40,67,84,07,51,07,240,44,31,26,77,15,41,54,7,76
2025-11-27 21:11:38,SENSOR-ANGICOS,UFERSA - Angicos, RN,1978,34,48,62,61,39,53,81,8,81,195,66,17,21,34,36,91,23,2,59
2025-11-27 21:11:38,SENSOR-MOSSORO,UFERSA - Mossoro, RN,875,16,31,85,138,90,75,45,51,98,156,66,10,25,81,51,60,84,6,27
2025-11-27 21:11:40,SENSOR-CARAUBAS,UFERSA - Caraubas, RN,456,79,35,25,63,49,0,76,12,07,0,61,36,48,87,82,85,78,8,74
2025-11-27 21:11:40,SENSOR-PAUDOSFERROS,UFERSA - Pau dos Ferros, RN,507,47,17,00,161,68,1,75,3,29,13,04,14,26,61,52,44,13,1,02
2025-11-27 21:11:40,SENSOR-ANGICOS,UFERSA - Angicos, RN,1109,21,25,15,156,19,0,75,128,94,194,91,34,50,56,59,56,59,6,52
2025-11-27 21:11:41,SENSOR-MOSSORO,UFERSA - Mossoro, RN,1801,83,27,53,80,43,77,17,69,32,1,01,37,98,38,62,45,32,3,61
2025-11-27 21:11:42,SENSOR-PAUDOSFERROS,UFERSA - Pau dos Ferros, RN,778,17,10,29,41,40,3,56,48,03,188,14,21,83,77,74,59,12,2,15
2025-11-27 21:11:43,SENSOR-CARAUBAS,UFERSA - Caraubas, RN,855,96,24,85,78,14,77,78,47,62,147,91,30,96,74,56,76,83,6,10
2025-11-27 21:11:43,SENSOR-ANGICOS,UFERSA - Angicos, RN,548,46,39,49,42,99,64,72,35,71,207,40,23,53,54,73,50,34,1,41
2025-11-27 21:11:44,SENSOR-MOSSORO,UFERSA - Mossoro, RN,1116,05,25,63,142,98,42,30,94,91,142,28,31,31,59,43,78,78,7,07
2025-11-27 21:11:45,SENSOR-PAUDOSFERROS,UFERSA - Pau dos Ferros, RN,1728,66,47,02,46,27,88,12,81,30,181,92,25,92,67,90,93,45,10,80
2025-11-27 21:11:45,SENSOR-ANGICOS,UFERSA - Angicos, RN,1536,95,1,29,191,14,27,32,147,53,156,70,15,45,52,43,94,72,2,67
2025-11-27 21:11:46,SENSOR-CARAUBAS,UFERSA - Caraubas, RN,896,95,44,03,68,95,42,25,45,72,208,64,23,62,57,56,68,36,6,56
2025-11-27 21:11:47,SENSOR-PAUDOSFERROS,UFERSA - Pau dos Ferros, RN,599,65,48,03,199,74,79,73,56,55,41,43,16,31,38,56,75,96,2,55
2025-11-27 21:11:47,SENSOR-MOSSORO,UFERSA - Mossoro, RN,733,80,10,37,22,60,65,32,141,88,34,11,39,72,79,05,65,78,3,68
2025-11-27 21:11:47,SENSOR-ANGICOS,UFERSA - Angicos, RN,587,87,23,87,101,40,82,10,28,75,138,03,27,71,84,23,84,36,2,88
2025-11-27 21:11:48,SENSOR-CARAUBAS,UFERSA - Caraubas, RN,1634,47,11,74,48,46,5,72,149,29,24,16,14,98,42,07,61,14,10,93
2025-11-27 21:11:49,SENSOR-PAUDOSFERROS,UFERSA - Pau dos Ferros, RN,420,37,6,15,20,05,22,13,78,40,221,48,31,44,36,86,88,09,2,02
2025-11-27 21:11:50,SENSOR-ANGICOS,UFERSA - Angicos, RN,614,79,5,28,91,61,29,93,55,87,137,30,34,17,52,21,90,50,5,61
2025-11-27 21:11:50,SENSOR-MOSSORO,UFERSA - Mossoro, RN,1681,55,5,54,11,13,36,63,100,60,220,91,35,89,36,90,47,01,6,87
2025-11-27 21:11:51,SENSOR-CARAUBAS,UFERSA - Caraubas, RN,1993,84,37,17,114,82,67,16,78,40,219,63,17,42,89,65,83,45,2,26
2025-11-27 21:11:52,SENSOR-PAUDOSFERROS,UFERSA - Pau dos Ferros, RN,1287,60,32,50,9,31,82,24,24,96,143,87,10,62,76,77,42,42,10,54
2025-11-27 21:11:52,SENSOR-ANGICOS,UFERSA - Angicos, RN,1157,36,26,97,146,46,51,69,138,32,248,82,33,48,89,01,87,13,10,77
2025-11-27 21:11:53,SENSOR-MOSSORO,UFERSA - Mossoro, RN,671,28,48,24,183,38,90,41,98,49,36,44,10,74,48,33,61,74,5,37
2025-11-27 21:11:54,SENSOR-PAUDOSFERROS,UFERSA - Pau dos Ferros, RN,1576,28,27,18,6,09,67,90,62,02,222,58,18,72,65,27,62,23,5,78
2025-11-27 21:11:54,SENSOR-CARAUBAS,UFERSA - Caraubas, RN,1463,33,44,94,150,38,72,50,29,01,101,88,16,93,69,98,60,68,7,62
2025-11-27 21:11:55,SENSOR-ANGICOS,UFERSA - Angicos, RN,1374,96,40,85,57,22,0,24,84,62,212,10,31,23,43,59,44,80,4,02
2025-11-27 21:11:56,SENSOR-MOSSORO,UFERSA - Mossoro, RN,594,14,39,31,109,58,52,12,145,04,23,41,13,69,75,81,95,10,0,16
2025-11-27 21:11:56,SENSOR-PAUDOSFERROS,UFERSA - Pau dos Ferros, RN,1513,95,26,66,98,62,41,19,113,09,184,60,23,41,55,33,68,18,2,33
2025-11-27 21:11:57,SENSOR-ANGICOS,UFERSA - Angicos, RN,1134,40,29,57,122,55,16,59,44,67,92,96,17,15,82,13,40,27,8,48
2025-11-27 21:11:57,SENSOR-CARAUBAS,UFERSA - Caraubas, RN,1472,46,18,66,123,61,13,51,148,55,39,93,28,86,39,24,45,93,10,70
2025-11-27 21:11:59,SENSOR-MOSSORO,UFERSA - Mossoro, RN,1438,85,8,10,86,18,96,88,114,93,186,01,27,22,61,83,78,72,5,02
2025-11-27 21:11:59,SENSOR-PAUDOSFERROS,UFERSA - Pau dos Ferros, RN,986,25,37,41,151,24,20,11,79,07,155,13,10,13,55,24,71,06,5,35
2025-11-27 21:11:59,SENSOR-ANGICOS,UFERSA - Angicos, RN,1452,57,41,16,23,56,6,35,104,52,194,56,14,73,73,98,77,37,9,71
2025-11-27 21:12:00,SENSOR-CARAUBAS,UFERSA - Caraubas, RN,1916,49,20,18,64,04,44,51,32,61,87,42,33,39,78,31,87,01,10,14
2025-11-27 21:12:01,SENSOR-PAUDOSFERROS,UFERSA - Pau dos Ferros, RN,984,52,22,82,151,12,92,44,125,64,234,39,34,22,74,35,71,37,3,47
2025-11-27 21:12:01,SENSOR-MOSSORO,UFERSA - Mossoro, RN,1895,95,0,63,173,62,88,09,25,34,200,94,13,42,52,47,94,09,7,02
2025-11-27 21:12:02,SENSOR-ANGICOS,UFERSA - Angicos, RN,1948,42,31,89,170,63,82,55,146,65,30,07,16,30,73,86,85,84,0,62
2025-11-27 21:12:03,SENSOR-CARAUBAS,UFERSA - Caraubas, RN,618,87,22,25,79,07,46,13,103,69,104,40,39,03,48,60,49,12,2,16
2025-11-27 21:12:03,SENSOR-PAUDOSFERROS,UFERSA - Pau dos Ferros, RN,1816,32,19,81,180,86,35,49,64,41,100,98,19,80,33,72,96,93,7,34
2025-11-27 21:12:04,SENSOR-ANGICOS,UFERSA - Angicos, RN,1311,35,26,01,81,94,94,22,108,22,167,29,13,06,45,93,77,61,1,54
2025-11-27 21:12:04,SENSOR-MOSSORO,UFERSA - Mossoro, RN,425,46,32,39,106,27,43,21,115,70,224,60,34,35,70,86,40,96,4,09
2025-11-27 21:12:06,SENSOR-PAUDOSFERROS,UFERSA - Pau dos Ferros, RN,839,22,9,33,177,68,78,73,134,66,20,09,24,54,64,75,66,07,1,34
2025-11-27 21:12:06,SENSOR-CARAUBAS,UFERSA - Caraubas, RN,824,56,20,21,198,88,63,98,148,52,138,62,27,33,33,33,44,86,0,14
2025-11-27 21:12:06,SENSOR-ANGICOS,UFERSA - Angicos, RN,1280,94,13,00,55,25,80,62,32,16,89,71,11,88,37,62,97,23,10,35
2025-11-27 21:21:41,SENSOR-MOSSORO,UFERSA - Mossoro, RN,1325,81,31,74,34,32,32,16,59,14,21,41,11,07,40,05,99,18,3,75
2025-11-27 21:21:41,SENSOR-PAUDOSFERROS,UFERSA - Pau dos Ferros, RN,1768,96,25,85,46,27,80,37,3,38,229,35,29,33,45,23,56,12,7,33
2025-11-27 21:21:41,SENSOR-ANGICOS,UFERSA - Angicos, RN,1085,38,23,14,187,48,94,65,22,84,4,86,34,28,58,81,46,10,3,61
2025-11-27 21:21:41,SENSOR-CARAUBAS,UFERSA - Caraubas, RN,1762,16,9,61,186,71,3,83,126,90,74,39,13,57,89,94,54,28,2,42
2025-11-27 21:21:43,SENSOR-CARAUBAS,UFERSA - Caraubas, RN,1685,84,10,72,137,83,75,43,20,62,38,40,33,21,85,33,89,75,2,42
2025-11-27 21:21:43,SENSOR-ANGICOS,UFERSA - Angicos, RN,1942,00,2,27,133,35,13,09,83,45,165,64,10,33,57,96,68,68,0,51
2025-11-27 21:21:43,SENSOR-PAUDOSFERROS,UFERSA - Pau dos Ferros, RN,1708,66,32,59,192,25,24,77,86,35,55,05,38,12,77,39,78,88,2,80
2025-11-27 21:21:44,SENSOR-MOSSORO,UFERSA - Mossoro, RN,1379,19,17,61,182,79,56,15,15,09,15,24,17,83,45,33,51,10,3,05
2025-11-27 21:21:45,SENSOR-CARAUBAS,UFERSA - Caraubas, RN,1113,60,5,84,45,35,10,29,11,01,77,05,10,64,40,42,97,23,8,44
2025-11-27 21:21:46,SENSOR-ANGICOS,UFERSA - Angicos, RN,1854,20,34,87,181,72,86,90,115,68,25,68,14,87,76,03,78,62,1,30
2025-11-27 21:21:46,SENSOR-PAUDOSFERROS,UFERSA - Pau dos Ferros, RN,1719,70,7,10,107,47,57,07,91,09,242,53,32,02,72,77,90,49,3,49
2025-11-27 21:21:46,SENSOR-MOSSORO,UFERSA - Mossoro, RN,797,47,20,56,14,21,9,49,55,99,29,77,39,16,40,20,53,67,1,59
2025-11-27 21:21:48,SENSOR-CARAUBAS,UFERSA - Caraubas, RN,602,58,11,67,1,08,36,37,33,29,82,77,15,55,41,79,74,23,0,38
2025-11-27 21:21:48,SENSOR-ANGICOS,UFERSA - Angicos, RN,902,80,17,73,93,40,80,86,14,79,150,19,33,46,45,40,66,06,5,68
2025-11-27 21:21:49,SENSOR-PAUDOSFERROS,UFERSA - Pau dos Ferros, RN,984,76,28,07,143,73,6,73,44,06,158,99,17,01,64,37,83,16,2,21
2025-11-27 21:21:49,SENSOR-MOSSORO,UFERSA - Mossoro, RN,1447,87,27,21,21,65,25,03,114,94,183,14,38,28,38,23,56,70,7,17
2025-11-27 21:21:50,SENSOR-CARAUBAS,UFERSA - Caraubas, RN,1272,51,41,64,47,91,77,99,82,13,181,62,37,19,67,23,79,39,7,90
2025-11-27 21:21:51,SENSOR-ANGICOS,UFERSA - Angicos, RN,557,16,41,28,161,62,25,25,149,35,150,87,24,72,51,95,44,11,7,93
2025-11-27 21:21:51,SENSOR-PAUDOSFERROS,UFERSA - Pau dos Ferros, RN,419,03,39,60,62,53,50,63,112,13,162,96,17,88,53,45,97,60,3,20
2025-11-27 21:21:51,SENSOR-MOSSORO,UFERSA - Mossoro, RN,894,36,34,94,120,19,36,97,103,67,146,18,28,75,54,82,50,17,2,72
2025-11-27 21:21:52,SENSOR-CARAUBAS,UFERSA - Caraubas, RN,1570,48,31,65,155,68,80,79,19,09,246,02,17,76,62,35,91,02,1,31
2025-11-27 21:21:53,SENSOR-ANGICOS,UFERSA - Angicos, RN,1572,72,21,39,88,16,8,07,140,71,110,06,17,50,50,87,92,00,2,38
2025-11-27 21:21:54,SENSOR-PAUDOSFERROS,UFERSA - Pau dos Ferros, RN,1178,03,5,38,194,84,34,56,25,31,108,74,16,36,79,55,71,45,4,44
2025-11-27 21:21:54,SENSOR-MOSSORO,UFERSA - Mossoro, RN,423,44,38,55,0,42,1,12,5,26,240,40,10,19,42,52,91,05,3,89
2025-11-27 21:21:55,SENSOR-CARAUBAS,UFERSA - Caraubas, RN,1435,37,12,56,18,49,24,33,44,63,12,60,23,24,53,42,70,91,2,20
2025-11-27 21:21:56,SENSOR-ANGICOS,UFERSA - Angicos, RN,1563,76,0,93,184,93,87,23,138,04,75,79,39,92,80,45,49,36,6,92
2025-11-27 21:21:56,SENSOR-PAUDOSFERROS,UFERSA - Pau dos Ferros, RN,828,01,23,25,11,88,64,37,62,82,149,23,26,17,82,91,90,89,0,22
2025-11-27 21:21:57,SENSOR-MOSSORO,UFERSA - Mossoro, RN,1857,93,26,59,153,21,20,32,103,11,183,19,28,90,82,36,76,14,7,12
2025-11-27 21:21:57,SENSOR-CARAUBAS,UFERSA - Caraubas, RN,1557,00,7,33,99,97,43,28,148,11,186,56,25,04,39,46,88,11,1,21
2025-11-27 21:21:59,SENSOR-ANGICOS,UFERSA - Angicos, RN,1165,96,32,21,50,94,7,07,34,85,52,57,28,01,37,08,95,41,3,05
2025-11-27 21:21:59,SENSOR-PAUDOSFERROS,UFERSA - Pau dos Ferros, RN,426,54,9,32,52,10,86,63,71,57,78,65,29,45,33,37,72,87,5,53
2025-11-27 21:21:59,SENSOR-CARAUBAS,UFERSA - Caraubas, RN,426,27,30,37,34,34,58,04,48,29,14,71,11,92,85,46,87,24,8,72
2025-11-27 21:21:59,SENSOR-MOSSORO,UFERSA - Mossoro, RN,661,08,20,76,155,42,74,87,104,11,29,71,35,35,71,78,87,74,8,66
2025-11-27 21:22:01,SENSOR-ANGICOS,UFERSA - Angicos, RN,1820,32,11,91,66,25,43,14,80,06,0,34,23,79,83,20,91,65,8,77
2025-11-27 21:22:01,SENSOR-CARAUBAS,UFERSA - Caraubas, RN,1644,68,26,15,58,24,88,43,54,48,243,25,11,26,81,24,90,40,0,47
2025-11-27 21:22:02,SENSOR-PAUDOSFERROS,UFERSA - Pau dos Ferros, RN,1718,68,3,16,135,54,76,50,86,89,0,37,18,49,84,09,94,75,4,87
2025-11-27 21:22:02,SENSOR-MOSSORO,UFERSA - Mossoro, RN,551,32,2,75,109,70,74,96,121,48,241,76,26,93,43,94,44,61,5,46
2025-11-27 21:22:04,SENSOR-ANGICOS,UFERSA - Angicos, RN,1009,38,2,05,94,15,24,01,73,91,167,04,20,24,75,10,81,75,8,52
2025-11-27 21:22:04,SENSOR-CARAUBAS,UFERSA - Caraubas, RN,661,89,41,73,28,29,71,73,53,46,111,18,36,55,80,86,48,31,3,57
2025-11-27 21:22:04,SENSOR-PAUDOSFERROS,UFERSA - Pau dos Ferros, RN,1561,39,19,59,178,24,60,68,6,51,115,33,29,85,46,56,41,05,6,09
2025-11-27 21:22:05,SENSOR-MOSSORO,UFERSA - Mossoro, RN,1839,95,27,98,19,86,70,58,38,30,6,85,35,25,50,19,56,69,4,67
2025-11-27 21:22:06,SENSOR-CARAUBAS,UFERSA - Caraubas, RN,777,18,33,41,33,16,3,98,76,73,142,35,18,24,72,26,97,31,6,30
2025-11-27 21:22:06,SENSOR-ANGICOS,UFERSA - Angicos, RN,1964,88,18,91,134,41,82,14,89,25,154,41,21,48,72,19,71,85,1,58
2025-11-27 21:22:07,SENSOR-PAUDOSFERROS,UFERSA - Pau dos Ferros, RN,840,15,47,76,96,59,14,46,98,62,30,03,26,36,85,25,79,57,3,46
2025-11-27 21:22:07,SENSOR-MOSSORO,UFERSA - Mossoro, RN,897,78,47,94,101,27,41,32,94,02,140,02,38,75,85,41,68,25,7,66
2025-11-27 21:22:08,SENSOR-CARAUBAS,UFERSA - Caraubas, RN,964,21,0,23,110,07,85,52,45,93,82,84,27,79,45,08,73,17,8,26
2025-11-27 21:22:09,SENSOR-ANGICOS,UFERSA - Angicos, RN,1981,79,46,99,113,64,97,31,58,02,8,92,28,36,81,13,45,65,5,10
2025-11-27 21:22:09,SENSOR-PAUDOSFERROS,UFERSA - Pau dos Ferros, RN,1304,33,9,24,125,96,40,25,70,97,78,14,27,86,82,02,40,99,2,70
2025-11-27 21:22:10,SENSOR-MOSSORO,UFERSA - Mossoro, RN,555,27,33,27,46,32,47,17,47,35,80,57,30,18,34,70,67,70,4,53
2025-11-27 21:22:11,SENSOR-CARAUBAS,UFERSA - Caraubas, RN,1788,48,17,27,55,58,15,23,54,23,121,19,23,61,32,79,90,97,8,68
2025-11-27 21:22:11,SENSOR-ANGICOS,UFERSA - Angicos, RN,1682,83,40,00,184,22,4,97,121,93,191,18,30,99,74,06,55,38,7,25
2025-11-27 21:22:12,SENSOR-PAUDOSFERROS,UFERSA - Pau dos Ferros, RN,782,87,4,37,163,47,38,51,131,68,0,87,21,30,50,31,92,54,2,88
2025-11-27 21:22:13,SENSOR-MOSSORO,UFERSA - Mossoro, RN,1085,58,37,16,114,50,45,53,45,80,41,94,39,61,75,47,59,94,6,42
2025-11-27 21:22:13,SENSOR-CARAUBAS,UFERSA - Caraubas, RN,804,08,23,34,153,80,2,15,79,42,34,74,22,45,38,36,44,52,0,04
2025-11-27 21:22:14,SENSOR-ANGICOS,UFERSA - Angicos, RN,478,72,38,50,191,67,25,69,68,64,211,93,24,97,77,15,79,55,10,19
2025-11-27 21:22:15,SENSOR-PAUDOSFERROS,UFERSA - Pau dos Ferros, RN,1843,18,42,84,16,91,88,34,104,25,74,17,36,55,48,27,71,69,8,23
2025-11-27 21:22:15,SENSOR-CARAUBAS,UFERSA - Caraubas, RN,801,14,22,96,122,73,64,75,90,61,190,20,27,36,70,31,88,23,0,90
2025-11-27 21:22:15,SENSOR-MOSSORO,UFERSA - Mossoro, RN,1668,37,27,23,7,20,32,33,43,78,61,02,37,15,42,16,55,82,9,52
2025-11-27 21:22:16,SENSOR-ANGICOS,UFERSA - Angicos, RN,948,07,14,45,138,16,60,44,51,87,240,49,14,48,65,93,53,90,1,04
2025-11-27 21:22:17,SENSOR-PAUDOSFERROS,UFERSA - Pau dos Ferros, RN,1924,52,32,37,8,46,95,67,120,13,37,62,39,34,32,17,90,34,10,64
2025-11-27 21:22:17,SENSOR-CARAUBAS,UFERSA - Caraubas, RN,794,73,11,68,114,99,27,02,77,92,35,61,22,11,83,53,55,45,10,39
2025-11-27 21:22:18,SENSOR-MOSSORO,UFERSA - Mossoro, RN,1349,21,5,17,108,17,78,36,68,37,60,44,29,96,51,17,45,24,1,33
2025-11-27 21:22:19,SENSOR-ANGICOS,UFERSA - Angicos, RN,1525,05,40,86,99,53,68,09,62,90,35,45,15,19,85,80,65,81,3,81
2025-11-27 21:22:20,SENSOR-CARAUBAS,UFERSA - Caraubas, RN,576,81,40,15,49,61,20,16,23,06,56,61,37,34,54,38,40,71,3,53
2025-11-27 21:22:20,SENSOR-PAUDOSFERROS,UFERSA - Pau dos Ferros, RN,756,53,17,54,140,01,37,95,34,94,34,53,17,69,89,43,69,73,7,43
2025-11-27 21:22:21,SENSOR-MOSSORO,UFERSA - Mossoro, RN,1203,28,20,84,158,90,27,77,45,29,38,89,24,93,55,63,54,62,4,45
2025-11-27 21:22:21,SENSOR-ANGICOS,UFERSA - Angicos, RN,1078,57,0,85,183,44,2,82,20,34,170,02,39,89,58,92,91,04,6,13
2025-11-27 21:22:22,SENSOR-CARAUBAS,UFERSA - Caraubas, RN,636,33,4,91,153,66,17,29,56,78,11,66,23,31,85,33,89,09,3,20
2025-11-27 21:22:22,SENSOR-PAUDOSFERROS,UFERSA - Pau dos Ferros, RN,1998,25,2,16,15,98,85,59,57,08,210,97,18,73,75,47,74,24,4,25
2025-11-27 21:22:23,SENSOR-MOSSORO,UFERSA - Mossoro, RN,1356,90,1,90,130,67,79,18,68,22,105,36,36,94,79,76,57,03,2,98
2025-11-27 21:22:24,SENSOR-ANGICOS,UFERSA - Angicos, RN,1314,20,22,89,32,86,66,60,3,01,142,96,11,34,68,06,80,42,2,93
2025-11-27 21:22:24,SENSOR-CARAUBAS,UFERSA - Caraubas, RN,1369,48,39,44,2,29,56,94,45,46,221,31,16,28,73,53,58,64,1,11
2025-11-27 21:22:25,SENSOR-PAUDOSFERROS,UFERSA - Pau dos Ferros, RN,615,62,40,73,11,23,16,41,89,51,170,14,33,60,78,15,56,27,9,90
2025-11-27 21:22:26,SENSOR-MOSSORO,UFERSA - Mossoro, RN,620,55,19,17,104,24,79,82,149,32,2,43,22,38,48,49,41,62,8,83
2025-11-27 21:22:26,SENSOR-ANGICOS,UFERSA - Angicos, RN,1330,10,41,68,28,64,56,80,38,03,28,28,34,07,62,90,78,70,5,58
2025-11-27 21:22:27,SENSOR-CARAUBAS,UFERSA - Caraubas, RN,1215,78,26,23,32,52,4,73,13,34,17,64,19,73,33,15,57,38,4,32
2025-11-27 21:22:28,SENSOR-PAUDOSFERROS,UFERSA - Pau dos Ferros, RN,520,60,5,59,19,71,80,79,34,39,188,31,29,94,64,99,45,30,1,98
2025-11-27 21:22:29,SENSOR-MOSSORO,UFERSA - Mossoro, RN,568,26,27,44,182,48,3,54,87,68,159,61,33,77,46,98,97,53,2,77
2025-11-27 21:22:29,SENSOR-ANGICOS,UFERSA - Angicos, RN,1458,21,46,56,195,17,14,00,94,22,129,61,24,49,49,51,73,16,10,79
2025-11-27 21:22:29,SENSOR-CARAUBAS,UFERSA - Caraubas, RN,961,59,21,18,160,50,77,49,127,82,155,73,22,74,83,41,42,58,5,29
2025-11-27 21:22:30,SENSOR-PAUDOSFERROS,UFERSA - Pau dos Ferros, RN,1274,34,35,58,60,22,65,65,102,17,126,28,26,09,70,22,85,20,7,56
2025-11-27 21:22:31,SENSOR-CARAUBAS,UFERSA - Caraubas, RN,1613,29,39,05,16,94,92,89,92,53,32,41,18,43,64,61,55,32,3,92
2025-11-27 21:22:31,SENSOR-MOSSORO,UFERSA - Mossoro, RN,1921,92,41,95,62,89,0,04,67,88,167,59,16,25,38,28,64,25,3,58
2025-11-27 21:22:31,SENSOR-ANGICOS,UFERSA - Angicos, RN,1775,46,42,98,108,54,9,22,137,82,101,06,28,02,78,96,47,71,10,78
2025-11-27 21:22:33,SENSOR-PAUDOSFERROS,UFERSA - Pau dos Ferros, RN,852,40,21,76,178,34,56,75,13,05,225,84,18,90,47,70,80,23,6,04
2025-11-27 21:22:33,SENSOR-CARAUBAS,UFERSA - Caraubas, RN,1711,18,14,01,139,45,14,21,101,44,52,25,28,62,70,43,59,69,3,14
2025-11-27 21:22:34,SENSOR-ANGICOS,UFERSA - Angicos, RN,1441,50,6,59,191,77,61,49,35,85,90,96,35,03,61,07,85,83,4,96
2025-11-27 21:22:34,SENSOR-MOSSORO,UFERSA - Mossoro, RN,936,74,38,17,151,78,88,81,16,33,51,37,37,88,45,69,53,06,9,39
2025-11-27 21:22:35,SENSOR-PAUDOSFERROS,UFERSA - Pau dos Ferros, RN,1073,23,2,61,79,80,98,31,42,29,161,39,25,95,58,72,90,03,6,95
2025-11-27 21:22:36,SENSOR-CARAUBAS,UFERSA - Caraubas, RN,721,49,13,16,140,43,99,59,121,47,74,92,28,07,81,61,42,12,4,12
2025-11-27 21:22:36,SENSOR-ANGICOS,UFERSA - Angicos, RN,1318,58,1,15,109,50,58,55,38,18,164,89,34,62,43,09,97,29,2,16
2025-11-27 21:22:37,SENSOR-MOSSORO,UFERSA - Mossoro, RN,1288,30,24,43,150,89,55,86,104,04,111,78,26,98,71,24,56,30,2,11
2025-11-27 21:22:38,SENSOR-CARAUBAS,UFERSA - Caraubas, RN,621,37,24,41,74,43,42,40,40,12,31,36,17,95,47,96,43,30,9,85
2025-11-27 21:22:38,SENSOR-PAUDOSFERROS,UFERSA - Pau dos Ferros, RN,1059,56,22,86,185,14,74,40,58,82,27,75,17,46,82,03,97,12,0,82
2025-11-27 21:22:39,SENSOR-ANGICOS,UFERSA - Angicos, RN,1730,83,36,00,68,26,64,35,40,14,52,11,33,81,49,89,45,08,8,61
2025-11-27 21:22:39,SENSOR-MOSSORO,UFERSA - Mossoro, RN,1245,02,27,12,187,29,65,96,138,18,104,73,27,92,54,37,74,15,2,80
2025-11-27 21:22:40,SENSOR-CARAUBAS,UFERSA - Caraubas, RN,996,49,35,05,159,44,5,84,95,20,36,22,34,16,35,57,75,27,6,97
2025-11-27 21:22:41,SENSOR-PAUDOSFERROS,UFERSA - Pau dos Ferros, RN,469,36,22,75,9,39,94,37,89,74,18,31,38,61,82,40,60,77,8,81
